{
    "Actors": [],
    "EditorCamera": {
        "ActorType": "CameraController",
        "CameraType": 0,
        "OrthoZoom": 2.5,
        "PerspMoveSpeed": 1.0,
        "Pitch": 0.0,
        "Yaw": 0.0,
        "Zoom": 75.0,
        "name": "Editor Camera",
        "position": [
            0.0,
            0.0,
            3.0
        ],
        "rotation": [
            0.0,
            0.0,
            0.0
        ],
        "scale": [
            1.0,
            1.0,
            1.0
        ]
    },
    "SceneColour": [
        0.10000000149011612,
        0.10000000149011612,
        0.10000000149011612,
        1.0
    ]
}